{
  "todos": [
    {
      "title": "Tarea 1",
      "responsable": "Antonio",
      "description": "Ésta es la tarea 1",
      "priority": "low"
    },
    {
      "title": "Tarea 2",
      "responsable": "Fernando",
      "description": "Ésta es la tarea 2",
      "priority": "medium"
    },

    {
      "title": "Tarea 3",
      "responsable": "Carlos",
      "description": "Ésta es la tarea 3",
      "priority": "high"
    },
    {
      "title": "Tarea 4",
      "responsable": "Ivan",
      "description": "Ésta es la tarea 4",
      "priority": "high"
    },
    {
      "title": "Tarea 5",
      "responsable": "Camilo",
      "description": "Ésta es la tarea 5",
      "priority": "low"
    }
  ]
}
